Flag Name,Name,Initials,HLTV Name,LOGO,LOGOW,PLAYER 1,PLAYER 2,PLAYER 3,PLAYER 4,PLAYER 5,COACH,SUB 1,SUB 2,SUB 3,SUB 4,SUB 5,SUB 6,PLAYER 6,Wiki,HLTV,Official Site,Faceit,Discord,Facebook,Instagram,Steam,TikTok,Twitter,Weibo,Twitch,YouTube,Subreddit,Bilibili
,123,,,,,,,,,,,,,,,,,,,,,,,,,,,,,,,,
🇪🇺 100 Thieves,100 Thieves,100T,100 Thieves,[🇪🇺](#100t,TRUE,🇳🇴 rain,🇸🇪 poiii,🇩🇰 sirah,🇩🇰 device ⊕,🇬🇧 Gizmy ♛,🇩🇰 gla1ve,🇵🇹 Ag1l,,,,,,,,https://www.hltv.org/team/8474/100-thieves,,,,,,,,,,,,,
🇷🇺 1w Team,1w Team,1w,1win,[🇷🇺](#lang-ru,FALSE,🇷🇺 nafany ♛,🇷🇺 Ax1Le,🇷🇺 ArtFr0st ⊕,🇷🇺 fame,🇷🇺 BELCHONOKK,🇷🇺 groove,,,,,,,,https://liquipedia.net/counterstrike/1win,https://www.hltv.org/team/10621/1win,,,,,,,,https://twitter.com/1win_cs2,,,https://www.youtube.com/channel/UC1RJg9vZUkzlpgQgx5wjmng,,
🇲🇳 5star eSports,5star eSports,5star,5star,[🇲🇳](#lang-mn,FALSE,🇲🇳 hoolig4n ⊕,🇲🇳 clouden,🇲🇳 ariucle,🇲🇳 NEUZ ♛,🇲🇳 rate,🇲🇳 shinobi,,,,,,,,https://liquipedia.net/counterstrike/5star_eSports,https://www.hltv.org/team/13724/5star,,https://www.faceit.com/en/teams/9540a428-a0ab-4be2-a36a-6ebc21264dba,,https://facebook.com/5star.esports,,,,,,,,,
🇪🇺 9INE,9INE,9INE,9INE,[🇪🇺](#9ine,FALSE,🇩🇰 raalz ♛,🇩🇰 kraghen,🇵🇱 flayy,🇹🇷 rim3,🇵🇱 b1elany ⊕,🇩🇰 BERRY,,,,,,,,https://liquipedia.net/counterstrike/9INE,https://www.hltv.org/team/10278/9ine,https://www.9ine.gg/,https://www.faceit.com/en/teams/100fcfe7-53b6-4c08-8afe-ae340c9a2432,,https://facebook.com/9INEGG,https://www.instagram.com/9inegg,,,https://twitter.com/9INEGG,,https://www.twitch.tv/9inegg,https://www.youtube.com/9INEGG,,
🌎 9z Team,9z Team,9z,9z,[🌎](#9z,FALSE,🇺🇾 max ♛,🇨🇱 HUASOPEEK,🇦🇷 luchov,🇦🇷 meyern ⊕,🇺🇾 dgt,🇧🇷 BIT,,,,,,,,https://liquipedia.net/counterstrike/9z_Team,https://www.hltv.org/team/9996/9z,https://todovioleta9z.mitiendanube.com/,https://www.faceit.com/en/teams/70b6963e-adad-406c-88a5-4e33b7f88fd7,,https://facebook.com/9zteam,https://www.instagram.com/9zteam,https://steamcommunity.com/groups/9zTeam,,https://twitter.com/9zTeam,,https://www.twitch.tv/9zteam,https://www.youtube.com/9zTeam,https://www.reddit.com/r/9zteam/,
,AAA,,,,,,,,,,,,,,,,,,,,,,,,,,,,,,,,
🇸🇪 Alliance,Alliance,Alliance,Alliance,[🇸🇪]#lang-se,FALSE,🇸🇪 avid,🇸🇪 twist ♛,🇸🇪 upE,🇸🇪 eraa ⊕,🇸🇪 bobeksde,🇸🇪 Hawk,,,,,,,,https://liquipedia.net/counterstrike/Alliance,https://www.hltv.org/team/12474/alliance,,,,,,,,,,,,,
🌏 Alter Ego,Alter Ego,AE,Alter Ego,[🌏](#lang-earth,FALSE,🇱🇧 b1lal ♛,🇮🇩 BnTeT,,,,🇮🇩 bali,🇯🇴 BOROS,,,,,,,https://liquipedia.net/counterstrike/Alter_Ego,https://www.hltv.org/team/9958/alter-ego,,,,https://facebook.com/alteregoesportsid,https://www.instagram.com/alteregoesports,,https://tiktok.com/@alterego.esports,https://twitter.com/AlterEgo_IDN,,,https://www.youtube.com/channel/UCu3Oq_wEChEPaV7abgY688g,,
🇩🇰 Astralis,Astralis,Astralis,Astralis,[🇩🇰](#astralis,FALSE,🇩🇰 Staehr,🇩🇰 jabbi,🇩🇰 HooXi ♛,🇸🇪 phzy ⊕,🇱🇹 ryu,🇵🇱 NEO,,,,,,,,https://liquipedia.net/counterstrike/Astralis,https://www.hltv.org/team/6665/astralis,,,,,,,,,,,,,
🇹🇷 Aurora Gaming,Aurora Gaming,Aurora,Aurora,[🇹🇷](#aurora,FALSE,🇹🇷 XANTARES,🇹🇷 Wicadia,🇹🇷 woxic ⊕,🇫🇮 Jimpphat,🇲🇰 kyxsan ♛,🇬🇧 ashhh,🇷🇺 deko (loan: WW),🇹🇷 Fabre,🇹🇷 MAJ3R,,,,,https://liquipedia.net/counterstrike/Aurora_Gaming,https://www.hltv.org/team/11861/aurora,,https://www.faceit.com/en/teams/162baa30-8de0-4536-83fe-97abe7f4765b,,,https://www.instagram.com/auroragamingg,,,https://twitter.com/AuroraCS2_GG,,https://www.twitch.tv/auroragaming_tv,https://www.youtube.com/@AuroraCS2,,
,BBB,,,,,,,,,,,,,,,,,,,,,,,,,,,,,,,,
🇺🇦 B8,B8,B8,B8,[🇺🇦](#b8,TRUE,🇺🇦 npl,🇺🇦 esenthial ⊕,🇺🇦 alex666 ♛,🇺🇦 kensizor,🇺🇦 s1zzi,🌍 maddened,,,,,,,,https://liquipedia.net/counterstrike/B8,https://www.hltv.org/team/11241/b8,,,,,,,,,,,,,
🇷🇺 BB Team,BB Team,BB,BetBoom,[🇷🇺](#betboom,FALSE,🇷🇺 S1ren,🇷🇺 zorte ⊕,🇷🇺 Magnojez,🇷🇺 Boombl4 ♛,🇷🇺 d1Ledez,🇷🇺 Fierce,,,,,,,,https://liquipedia.net/counterstrike/BetBoom_Team,https://www.hltv.org/team/12394/betboom,,,,,,,,,,,,,
🇪🇺 BC,BC,BC,BC.Game,[🇪🇺](#lang-eu,FALSE,🇺🇦 s1mple ⊕,🇷🇺 electroNic,🇲🇳 Senzu,🇩🇰 Magisk ♛,🇲🇳 mzinho,🇵🇱 TaZ,🇪🇪 aNdu,,,,,,,,,,,,,,,,,,,,,
🇩🇪 BIG,BIG,BIG,BIG,[🇩🇪](#big,TRUE,🇩🇪 tabseN,🇩🇪 JDC,🇧🇾 gr1ks ⊕,🇩🇰 blameF ♛,🇩🇪 faveN,🇩🇪 xenn,,,,,,,,https://liquipedia.net/counterstrike/BIG,https://www.hltv.org/team/7532/big,,,,,,,,,,,,,
,CCC,,,,,,,,,,,,,,,,,,,,,,,,,,,,,,,,
,DDD,,,,,,,,,,,,,,,,,,,,,,,,,,,,,,,,
🇧🇷 DENDELE CS,DENDELE CS,DENDELE,DENDELE,[🇧🇷](#lang-br,FALSE,🇧🇷 gafolo ♛,🇧🇷 rdnzao,🇧🇷 doc,🇧🇷 koala,🇦🇷 maxxkor ⊕,🇵🇹 coachi,,,,,,,,https://liquipedia.net/counterstrike/DENDELE_CS,https://www.hltv.org/team/13926/dendele,https://www.dendele.com.br/,https://www.faceit.com/en/teams/54f9a5a2-abd5-45d7-a9e3-d130cd03ab99,,https://facebook.com/sharksesportsgg,https://www.instagram.com/dendele_cs,,,https://twitter.com/dendelecs,,,,,
,EEE,,,,,,,,,,,,,,,,,,,,,,,,,,,,,,,,
🇫🇮 ENCE,ENCE,ENCE,ENCE,[🇫🇮](#ence,FALSE,🇫🇮 teme,🇫🇮 millert ⊕,🇬🇪 Schwarz ♛,🇫🇮 HENU,🇫🇮 joeski,🇫🇮 allu,,,,,,,,https://liquipedia.net/counterstrike/ENCE,https://www.hltv.org/team/4869/ence,,,,,,,,,,,,,
🇸🇪 EYEBALLERS,EYEBALLERS,EYEBALLERS,EYEBALLERS,[🇸🇪](#lang-se,FALSE,🇸🇪 JW ♛⊕,🇸🇪 dex,🇸🇪 Ro1f,🇸🇪 maxster,🇸🇪 KRIMZ,🇸🇪 pita,,,,,,,,https://liquipedia.net/counterstrike/EYEBALLERS,https://www.hltv.org/team/11737/eyeballers,,,,,,,,,,,,,
,FFF,,,,,,,,,,,,,,,,,,,,,,,,,,,,,,,,
🇪🇺 Team Falcons,Team Falcons,Falcons,Falcons,[🇪🇺](#falcons,FALSE,🇧🇦 NiKo,🇩🇰 TeSeS,🇷🇺 m0NESY ⊕,🇷🇺 kyousuke,🇩🇰 karrigan ♛,🇩🇰 zonic,,,,,,,,https://liquipedia.net/counterstrike/Team_Falcons,https://www.hltv.org/team/11283/falcons,https://www.teamfalcons.sa/,,,https://facebook.com/teamfalcongg,https://www.instagram.com/teamfalconsgg,,https://tiktok.com/@falcons.esports,https://twitter.com/TeamFalconsGG,,https://www.twitch.tv/TeamFalconsGG,https://www.youtube.com/@FalconsEsport,,
🇪🇺 FaZe Clan,FaZe Clan,FaZe,FaZe,[🇪🇺](#faze,TRUE,🇸🇰 frozen,🇵🇱 jcobbb,🇨🇦 Twistzz ♛,🇩🇰 JBOEN ⊕,🇫🇷 Neityu,🇩🇪 enkay J,🇱🇻 broky,,,,,,,https://liquipedia.net/counterstrike/FaZe_Clan,https://www.hltv.org/team/6667/faze,https://fazeclan.com/,https://www.faceit.com/en/teams/5086144a-69e4-4e7b-99cb-f724f0c6dc3e,,https://facebook.com/profile.php?id=100084928933937,https://www.instagram.com/fazeesports,https://steamcommunity.com/groups/FaZe_Clan,https://tiktok.com/@fazegaming,https://twitter.com/FaZeEsports,,https://www.twitch.tv/FaZe,https://www.youtube.com/channel/UCLtSNxtLXu61XvIa0TpwP2w,,
🇧🇷 Fluxo W7M,Fluxo W7M,Fluxo,Fluxo,[🇧🇷](#lang-br,FALSE,🇧🇷 zevy ⊕,🇧🇷 kye,🇧🇷 exit ♛,🇨🇱 dav1deuS,🇧🇷 Ltz,🇵🇹 Juve,,,,,,,,https://liquipedia.net/counterstrike/Fluxo_W7M,https://www.hltv.org/team/11837/fluxo,,,,,,,,,,,,,
🇦🇺 FlyQuest,FlyQuest,FlyQuest,FlyQuest,[🇦🇺](#flyquest,FALSE,🇦🇺 INS ♛,🇦🇺 Vexite,🇳🇿 nettik,🇦🇺 jks,,🇦🇺 AZR,,,,,,,,https://liquipedia.net/counterstrike/FlyQuest,https://www.hltv.org/team/12774/flyquest,https://flyquest.gg/,https://www.faceit.com/en/teams/1e92429e-dd68-4e09-bab3-3c26ebe276df,,https://facebook.com/FlyQuestSports,https://www.instagram.com/flyquest,,https://tiktok.com/@FlyQuest,https://twitter.com/FlyQuestCS,,https://www.twitch.tv/flyquest,https://www.youtube.com/Flyquest,,
🇺🇦 Fnatic,Fnatic,Fnatic,fnatic,[🇺🇦](#fnatic,FALSE,🇺🇦 fear ♛,🇺🇦 jambo ⊕,🇺🇦 jackasmo,🇺🇦 cairne,🇺🇦 mazay,🇱🇻 Independent,,,,,,,,https://liquipedia.net/counterstrike/Fnatic,https://www.hltv.org/team/4991/fnatic,,,,,,,,,,,,,
🇧🇷 FURIA Esports,FURIA Esports,FURIA,FURIA,[🇧🇷](#furia,FALSE,🇧🇷 yuurih,🇧🇷 KSCERATO,🇧🇷 FalleN ♛,🇰🇿 molodoy ⊕,🇱🇻 YEKINDAR,🇧🇷 sidde,,,,,,,,https://liquipedia.net/counterstrike/FURIA_Esports,https://www.hltv.org/team/8297/furia,https://furia.gg/,https://www.faceit.com/en/teams/06024b78-e887-4b93-af82-7376adf42bb8,,https://facebook.com/furiagg,https://www.instagram.com/furiagg,https://steamcommunity.com/groups/furiagg,https://tiktok.com/@furiagg,https://twitter.com/furia,,https://www.twitch.tv/furiatv,https://www.youtube.com/channel/UCT1F3iuRk0j7owMzNC09q1w,https://www.reddit.com/r/FuriaEsports/,
🇪🇺 FUT Esports,FUT Esports,FUT,FUT,[🇪🇺](#fut,FALSE,🇺🇦 dem0n,🇽🇰 Krabeni ♛,🇺🇦 cmtry ⊕,🇱🇹 dziugss,🇹🇷 xfl0ud,🇭🇺 coolio,🇷🇴 lauNX,,,,,,,https://liquipedia.net/counterstrike/FUT_Esports,https://www.hltv.org/team/13286/fut,https://futesports.gg/,https://www.faceit.com/en/teams/5c03fb5e-4b6f-4af9-9d7e-20feae7c66b8,https://discord.gg/cdX4taKYS2,https://facebook.com/futesports,https://www.instagram.com/futesportsgg,,https://tiktok.com/@futesportsgg,https://twitter.com/futesportsgg,,https://www.twitch.tv/futbolistco,https://www.youtube.com/FutbolistCo,,
,GGG,,,,,,,,,,,,,,,,,,,,,,,,,,,,,,,,
🇪🇺 G2 Esports,G2 Esports,G2,G2,[🇪🇺](#g2,TRUE,🇧🇦 huNter- ♛,🇮🇱 HeavyGod,🇸🇰 MATYS,🇮🇱 NertZ,🇺🇦 r1nkle 𖦏,🇫🇮 sAw,🇪🇸 SunPayus,,,,,,,https://liquipedia.net/counterstrike/G2_Esports,https://www.hltv.org/team/5995/g2,https://g2esports.com/,https://www.faceit.com/en/teams/0260685c-16ff-4770-85a4-b04842874ffe,,https://facebook.com/G2Esports,https://www.instagram.com/g2esports,https://steamcommunity.com/groups/g2esports-official,,https://twitter.com/G2CSGO,https://weibo.com/g2esports,https://www.twitch.tv/team/g2esports,https://www.youtube.com/channel/UC0dur1pTaDuN4Fwgln8BnNA,https://www.reddit.com/r/G2eSports/,
🇪🇺 GamerLegion,GamerLegion,GL,GamerLegion,[🇪🇺](#gamerleg,FALSE,🇩🇰 Tauson,🇸🇪 REZ,🇵🇱 hypex 𖦏,🇵🇱 Snax ♛,🇷🇺 FL4MUS,🇵🇱 imd,,,,,,,,https://liquipedia.net/counterstrike/GamerLegion,https://www.hltv.org/team/9928/gamerlegion,,,,,,,,,,,,,
,HHH,,,,,,,,,,,,,,,,,,,,,,,,,,,,,,,,
🇫🇮 HAVU,HAVU,HAVU,HAVU,[🇫🇮](#havu,FALSE,🇫🇮 uli,🇫🇮 ottob ⊕,🇫🇮 p3kko ♛,🇫🇮 Alxc,🇫🇮 8Juho8,🇫🇮 peku,,,,,,,,https://liquipedia.net/counterstrike/HAVU_Gaming,https://www.hltv.org/team/7865/havu,,,,,,,,,,,,,
🇸🇪 HEROIC,HEROIC,HEROIC,HEROIC,[🇸🇪](#heroic,TRUE,🇸🇪 nilo,🇩🇰 Chr1zN ♛,🇸🇪 susp,🇪🇸 MartinezSa ⊕,🇸🇪 Brollan,🇫🇮 doto,🇰🇿 Alkaren,,,,,,,https://liquipedia.net/counterstrike/Heroic,https://www.hltv.org/team/7175/heroic,https://heroic.gg/,,,https://facebook.com/heroicgg,https://www.instagram.com/heroic_gg,,https://tiktok.com/@heroicgg,https://twitter.com/heroicgg,,https://www.twitch.tv/heroic,https://www.youtube.com/Heroicgg,,
🇷🇺 HOTU,HOTU,HOTU,HOTU,[🇷🇺](#lang-ru,FALSE,🇷🇺 mizu,🇰🇿 kade0 ♛,🇷🇺 frontales ⊕,🇷🇺 n0rb3r7,🇷🇺 dwushka,🇰🇿 mou,,,,,,,,https://liquipedia.net/counterstrike/HOTU,https://www.hltv.org/team/11581/hotu,,,,,,,,,,,,,
🇲🇳 The Huns Esports,The Huns Esports,Huns,The Huns,[🇲🇳](#thehuns,FALSE,🇲🇳 nin9,🇲🇳 Bart4k,🇲🇳 controlez ♛,🇲🇳 Annihilation ⊕,,🇲🇳 carnage,,,,,,,,https://liquipedia.net/counterstrike/The_Huns_Esports,https://www.hltv.org/team/12510/the-huns,,https://www.faceit.com/en/teams/078c672a-2c13-4196-aa68-66f67c4d5f85,,https://facebook.com/TheHunsEsports,https://www.instagram.com/thehunsesports,,,https://twitter.com/thehunsesports,,,,,
,III,,,,,,,,,,,,,,,,,,,,,,,,,,,,,,,,
🇧🇷 Imperial Esports,Imperial Esports,Imperial,Imperial,[🇧🇷](#imperial,FALSE,🇧🇷 VINI ♛,🇧🇷 noway,🇧🇷 chelo,🇧🇷 decenty,🇧🇷 saadzin ⊕,🇧🇷 tacitus,,,,,,,,https://liquipedia.net/counterstrike/Imperial_Esports,https://www.hltv.org/team/9455/imperial,,,,,,,,,,,,,
🇺🇦 Inner Circle Esports,Inner Circle Esports,IC,Inner Circle,[🇺🇦](#lang-ua,FALSE,🇺🇦 onic ♛,🇺🇦 Dawy,🇺🇦 zeRRoFIX,🇺🇦 cptkurtka023,🇺🇦 headtr1ck ⊕,🇺🇦 jR,🇺🇦 Flierax,🇺🇦 nifee,,,,,,https://liquipedia.net/counterstrike/IC_Esports,https://www.hltv.org/team/13117/inner-circle,https://www.innercircle.gg/,,,,https://www.instagram.com/InCircleEsports,,https://tiktok.com/@incircleesports,https://twitter.com/InCircleEsports,,https://www.twitch.tv/incircleesports,https://www.youtube.com/channel/UCrDsLD0bnB9f51rRLP7YcJw,,
🇦🇷 Isurus,Isurus,Isurus,Isurus,[🇦🇷](#isurus,FALSE,🇦🇷 deco ♛,🇦🇷 atarax1a ⊕,🇦🇷 Hezz,🇦🇷 dott1,,🇧🇷 Xamp,,,,,,,,https://liquipedia.net/counterstrike/Isurus,https://www.hltv.org/team/7653/isurus,,,,,,,,,,,,,
,JJJ,,,,,,,,,,,,,,,,,,,,,,,,,,,,,,,,
🌍 JiJieHao,JiJieHao,JiJieHao,JiJieHao,[🌍](#lang-earth,FALSE,🇱🇧 m1N1 ⊕,🇮🇶 Bibu,🇵🇸 0SAMAS,🇽🇰 sinnopsyy ♛,🇲🇰 CacaNito,🇩🇰 mithR,,,,,,,,https://liquipedia.net/counterstrike/JiJieHao,https://www.hltv.org/team/10245/jijiehao,,https://www.faceit.com/en/teams/21fef457-3ec1-47cb-be32-3c51c54f6f59,,,,,https://live.douyin.com/JJH_Club,https://twitter.com/jijiehaocs2,https://weibo.com/7312190286,,,,
,KKK,,,,,,,,,,,,,,,,,,,,,,,,,,,,,,,,
🇷🇺 K27,K27,K27,K27,[🇷🇺](#lang-ru,FALSE,🇷🇺 kashl1d ⊕,🇧🇾 xeedo,🇷🇺 qw1nk1,🇷🇺 X5G7V ♛,🇷🇺 clax,🇷🇺 balblna,🇷🇺 relaxxie (loan: ex-RUBY),,,,,,,https://liquipedia.net/counterstrike/K27,https://www.hltv.org/team/12895/k27,https://k27esports.com/,https://www.faceit.com/en/teams/188d11fa-4c43-442a-a51c-c478edd8a681,,,,,,https://twitter.com/K27_esports,,,,,
🇨🇳 Kaleido Gaming,Kaleido Gaming,Kaleido,Kaleido,[🇨🇳](#lang-cn,FALSE,🇨🇳 SPine ♛,🇨🇳 rage ⊕,🇨🇳 suki,🇨🇳 expSasiKi,🇨🇳 chuzhongT,,,,,,,,,https://liquipedia.net/counterstrike/Kaleido_Gaming,https://www.hltv.org/team/13331/kaleido,,https://www.faceit.com/en/teams/7240e513-7689-4206-8968-9efa8a0610db,,,,,,,,,,,
,LLL,,,,,,,,,,,,,,,,,,,,,,,,,,,,,,,,
🇧🇷 Legacy,Legacy,Legacy,Legacy,[🇧🇷](#legacy,FALSE,🇧🇷 latto,🇧🇷 dumau,🇧🇷 n1ssim,🇧🇷 arT ♛,🇦🇷 try ⊕,🇧🇷 adr,🇧🇷 RiVAS,,,,,,,https://liquipedia.net/counterstrike/Legacy,https://www.hltv.org/team/12468/legacy,,https://www.faceit.com/en/teams/c0c8e079-e0f0-4eef-9bf2-1420f1bdb837,,,https://www.instagram.com/legacyggbr,,https://tiktok.com/@legacyggbr,https://twitter.com/legacyggbr,,https://www.twitch.tv/legacytvbrasil,https://www.youtube.com/channel/UCS8ZobLj4V21iLRm0cwo2bw,,
🌎 Team Liquid,Team Liquid,Liquid,Liquid,[🌎](#tl,FALSE,🇨🇦 NAF,🇺🇸 EliGE,🇬🇹 malbsMd,🇧🇬 Jorko ⊕,🇿🇦 JT ♛,🇭🇺 flashie,,,,,,,,https://liquipedia.net/counterstrike/Team_Liquid,https://www.hltv.org/team/5973/liquid,,,,,,,,,,,,,
🇪🇺 Luminosity Gaming,Luminosity Gaming,LG,Luminosity,[🇪🇺](#lg,FALSE,🇫🇷 afro ⊕,🇬🇧 AZUWU,🇧🇬 Rainwaker,🇧🇷 lux ♛,🇸🇪 yxngstxr,🇦🇹 kakafu,🇱🇹 Bymas,,,,,,,https://liquipedia.net/counterstrike/Luminosity_Gaming,https://www.hltv.org/team/6290/luminosity,https://luminosity-0b85b1.webflow.io/,https://facebook.com/LGLOYAL,,,https://www.instagram.com/lgloyal,,,https://twitter.com/Luminosity,,,https://www.youtube.com/channel/UCaTufjz-GIsLmc86CxhjSnw,,
🇨🇳 Lynn Vision Gaming,Lynn Vision Gaming,LVG,Lynn Vision,[🇨🇳](#lynn,FALSE,🇨🇳 Westmelon ♛,🇨🇳 z4KR ⊕,🇨🇳 EmiliaQAQ,🇨🇳 Starry,🇨🇳 C4LLM3SU3,🇨🇳 GUM,,,,,,,,https://liquipedia.net/counterstrike/Lynn_Vision_Gaming,https://www.hltv.org/team/8840/lynn-vision,,https://www.faceit.com/en/teams/3ddc2a90-a42f-4edb-87bd-03266f6e4bc1,,,,https://steamcommunity.com/groups/lynnvisiongaming,https://live.douyin.com/LVGdianzijin,https://twitter.com/lynnvision_,https://weibo.com/7355059653,,,,https://space.bilibili.com/511182965
,MMM,,,,,,,,,,,,,,,,,,,,,,,,,,,,,,,,
🇺🇸 M80,M80,M80,M80,[🇺🇸](#m80,FALSE,🇺🇸 Swisher,🇩🇪 slaxz- ⊕,🇩🇪 s1n ♛,🇺🇸 Lake,🇺🇸 JBa,🇬🇧 dephh,,,,,,,,https://liquipedia.net/counterstrike/M80,https://www.hltv.org/team/12376/m80,https://www.m80.gg/,https://www.faceit.com/en/teams/a4e6474b-eb6a-4edd-a845-c7ce00bea0ed,,,https://www.instagram.com/m80gg_,,,https://twitter.com/M80gg,,https://www.twitch.tv/M80gg,https://www.youtube.com/@m80gg,,
🇪🇺 magic,magic,magic,magic,[🇪🇺](#lang-eu,FALSE,🇧🇾 MaSvAl,🇷🇺 tenzy,🇺🇦 sFade8 ♛,🇷🇺 AW,🇰🇿 mo0N ⊕,🇷🇺 eksiver,,,,,,,,https://liquipedia.net/counterstrike/Magic,https://www.hltv.org/team/13592/magic,,,,,,,,,,,,,
🇧🇷 MIBR,MIBR,MIBR,MIBR,[🇧🇷](#mibr,FALSE,🇧🇷 brnz4n,🇧🇷 insani,🇸🇪 LNZ ♛,🇧🇷 venomzera,🇧🇷 nqz ⊕,🇷🇸 LETN1,,,,,,,,https://liquipedia.net/counterstrike/MIBR,https://www.hltv.org/team/9215/mibr,,,,,,,,,,,,,
🇲🇳 The MongolZ,The MongolZ,MongolZ,The MongolZ,[🇲🇳](#mongolz,TRUE,🇲🇳 bLitz ♛,🇲🇳 Techno,🇲🇳 910 ⊕,🇲🇳 tikuak,🇲🇳 DarkMeister,🇲🇳 maaRaa,,,,,,,,https://liquipedia.net/counterstrike/The_MongolZ,https://www.hltv.org/team/6248/themongolz,,,,,,,,,,,,,
🇪🇺 MOUZ,MOUZ,MOUZ,MOUZ,[🇪🇺](#msports,FALSE,🇭🇺 torzsi ⊕,🇮🇱 xertioN ♛,🇮🇱 Spinx,🇭🇺 xelex,🇨🇿 PR,🇩🇰 sycrone,,,,,,,,https://liquipedia.net/counterstrike/MOUZ,https://www.hltv.org/team/4494/mouz,http://www.mousesports.com/,https://www.faceit.com/en/teams/ab4bff1e-675f-4f5a-9df6-01bad1781455,,https://facebook.com/mousesports,https://www.instagram.com/mousesports,https://steamcommunity.com/groups/mousesports,,https://twitter.com/mousesports,https://weibo.com/7909718284,https://www.twitch.tv/team/mousesports,https://www.youtube.com/mouzmovie,https://www.reddit.com/r/Mousesports/,
🇪🇺 MOUZ NXT,MOUZ NXT,MOUZ NXT,MOUZ NXT,[🇪🇺](#msports,FALSE,🇱🇻 ay0k,🇩🇰 Nikodeon ♛,🇫🇷 eSx ⊕,🇨🇳 mixer,,🇺🇦 Lmbt,🇵🇹 opdust,,,,,,,https://liquipedia.net/counterstrike/Mouz_NXT,https://www.hltv.org/team/11176/mouz-nxt,http://www.mousesports.com/,https://www.faceit.com/en/teams/d2865879-5855-49db-a839-1df88f791ee0,,https://facebook.com/mousesports,https://www.instagram.com/mousesports,https://steamcommunity.com/groups/mousesports,,https://twitter.com/mousesports,https://weibo.com/7909718284,https://www.twitch.tv/team/mousesports,https://www.youtube.com/mouzmovie,https://www.reddit.com/r/Mousesports/,
,NNN,,,,,,,,,,,,,,,,,,,,,,,,,,,,,,,,
🇪🇺 Natus Vincere,Natus Vincere,NAVI,Natus Vincere,[🇪🇺](#navi,FALSE,🇺🇦 b1t,🇫🇮 Aleksib ♛,🇷🇴 iM,🇺🇦 w0nderful ⊕,🇽🇰 makazze,🇺🇦 B1ad3,,,,,,,,https://liquipedia.net/counterstrike/Natus_Vincere,https://www.hltv.org/team/4608/natus-vincere,https://navi.gg/,https://www.faceit.com/en/teams/2969f602-b378-49c8-9aff-553978e1f06e,https://discord.gg/navination,https://facebook.com/NatusVincere,https://www.instagram.com/natus_vincere_official,https://steamcommunity.com/groups/Natus-Vincere,https://tiktok.com/@navi_gg,https://twitter.com/natusvincere,,https://www.twitch.tv/team/navi,https://www.youtube.com/navicsgo,,
🇷🇺 Team Nemesis,Team Nemesis,Nemesis,Nemesis,[🇷🇺](#lang-ru,FALSE,🇷🇺 SELLTER ♛,🇷🇺 Sdaim,🇷🇺 tex1y,🇰🇿 mag1k3Y ⊕,🇷🇺 r3salt,🇰🇿 NMV,🇷🇺 yiksrezo,,,,,,,https://liquipedia.net/counterstrike/Team_Nemesis,https://www.hltv.org/team/13355/nemesis,https://nmss.gg/,https://www.faceit.com/en/teams/6e544052-ea42-4ddb-a5ea-0ce64b5ceef2/stats,,https://facebook.com/nmssgg,https://www.instagram.com/nmss_gg,,https://tiktok.com/@nmss_gg,https://twitter.com/nmss_gg,,https://www.twitch.tv/nmss_gg,https://www.youtube.com/@nmss_gg,,
🇷🇺 Nemiga Gaming,Nemiga Gaming,Nemiga,Nemiga,[🇷🇺](#nemiga,FALSE,🇰🇿 khaN ⊕,🇰🇿 syph0,🇷🇺 KaiR0N-,🇷🇺 robo,🇷🇺 Xant3r,🇧🇾 boX,🇷🇺 Sowalio,,,,,,,https://liquipedia.net/counterstrike/Nemiga_Gaming,https://www.hltv.org/team/7969/nemiga,https://nemiga.gg/,https://www.faceit.com/en/teams/f8be94a6-beab-4ee9-aa3c-1145bf66fc85,,,https://www.instagram.com/nemigagg,https://steamcommunity.com/groups/nemiga,,https://twitter.com/nemigagg,,https://www.twitch.tv/nemigagg,https://www.youtube.com/channel/UCJrtGWcV2QmBPGk_BKIb-DQ,,
🇩🇰 Ninjas in Pyjamas,Ninjas in Pyjamas,NIP,Ninjas in Pyjamas,[🇩🇰](#nip,TRUE,🇩🇰 sjuush,🇩🇰 Snappi ♛,🇵🇱 xKacpersky,🇩🇰 stavn ⊕,🇧🇪 n0te,🇸🇪 Xizt,,,,,,,,https://liquipedia.net/counterstrike/Ninjas_in_Pyjamas,https://www.hltv.org/team/4411/ninjas-in-pyjamas,,,,,,,,,,,,,
,OOO,,,,,,,,,,,,,,,,,,,,,,,,,,,,,,,,
🇪🇺 OG,OG,OG,OG,[🇪🇺](#og,FALSE,🇸🇪 spooke,🇸🇪 adamb,🇩🇰 cadiaN ♛⊕,🇫🇷 bodyy,🇩🇪 pr1metapz,🇫🇷 Lambert,,,,,,,,https://liquipedia.net/counterstrike/OG,https://www.hltv.org/team/10503/og,,,,,,,,,,,,,
,PPP,,,,,,,,,,,,,,,,,,,,,,,,,,,,,,,,
🇧🇷 paiN Gaming,paiN Gaming,paiN,paiN,[🇧🇷](#pain,TRUE,🇧🇷 biguzera ♛,🇧🇷 snow,🇧🇷 piriajr,🇧🇷 vsm,🇧🇷 saffee ⊕,🇧🇷 rikz,🇺🇾 dgt (loan: 9z),🇧🇷 kauez (loan: RED Canids),,,,,,https://liquipedia.net/counterstrike/PaiN_Gaming,https://www.hltv.org/team/4773/pain,https://www.pain.gg/,https://www.faceit.com/en/teams/64538aef-2c62-4684-aa55-cba0a0b35886,,https://facebook.com/paingamingbr,https://www.instagram.com/paingamingbr,,,https://twitter.com/paingamingbr,,https://www.twitch.tv/paingamingbr,https://www.youtube.com/paingamingg,,
🇷🇺 PVISION,PVISION,VISION,PARIVISION,[🇷🇺](#paravision,FALSE,🇷🇺 Jame ♛⊕,🇷🇺 xiELO,🇷🇺 zweih,🇷🇺 slaxejezzz,🇷🇺 FL1T,🇰🇿 dastan,,,,,,,,https://liquipedia.net/counterstrike/PARIVISION,https://www.hltv.org/team/12467/parivision,https://ogs.gg/,https://www.faceit.com/en/teams/a0a04769-cd5e-491b-a044-0e30dc7cf6dd,,https://facebook.com/OGcounterstrike,https://www.instagram.com/ogesportscs2,,,https://twitter.com/OGesportsCS,https://weibo.com/u/7267465977,,https://www.youtube.com/channel/UC0lxu2TmzhqJBkYvqTXVAsw,,
,QQQ,,,,,,,,,,,,,,,,,,,,,,,,,,,,,,,,
,RRR,,,,,,,,,,,,,,,,,,,,,,,,,,,,,,,,
🇨🇳 Rare Atom,Rare Atom,RA,Rare Atom,[🇨🇳](#rareatom,FALSE,🇨🇳 Summer ♛,🇨🇳 L1haNg,🇨🇳 chengking,🇨🇳 3gl ⊕,🇨🇳 Trash,🇹🇼 Marek,🇨🇳 ChildKing,,,,,,,https://liquipedia.net/counterstrike/Rare_Atom,https://www.hltv.org/team/11514/rare-atom,,https://www.faceit.com/en/teams/3cef41b9-d5c2-4416-83c2-c4be829c7691,,,,,https://live.douyin.com/RACS2,https://twitter.com/rare_atom,https://weibo.com/7736530902,,,,https://space.bilibili.com/676459665
,SSS,,,,,,,,,,,,,,,,,,,,,,,,,,,,,,,,
🇵🇹 SAW,SAW,SAW,SAW,[🇵🇹](#saw,FALSE,🇵🇹 ewjerkz,🇵🇹 NOPEEj,🇵🇹 MUTiRiS ♛,🇵🇹 krazy,🇵🇹 story ⊕,🇵🇹 mowzassa,,,,,,,,https://liquipedia.net/counterstrike/SAw_%28Portuguese_team%29,https://www.hltv.org/team/10567/saw,https://saw.gg/,https://www.faceit.com/en/teams/610557c3-ee30-46f8-a1f3-98beda567317,,https://facebook.com/sawggofficial,https://www.instagram.com/sawofficialgg,https://steamcommunity.com/groups/sawarrior,https://tiktok.com/@sawggofficial,https://twitter.com/sawggofficial,,https://www.twitch.tv/sawggofficial,https://www.youtube.com/channel/UC0S5GiLvkWUjvqcfF6sppjA,,
🇷🇺 Team Spirit,Team Spirit,Spirit,Spirit,[🇷🇺](#spirit,TRUE,🇷🇺 magixx ♛,🇺🇦 zont1x,🇷🇺 donk,🇷🇺 sh1ro ⊕,🇧🇾 tN1R,🇷🇺 hally,🇷🇺 chopper,,,,,,,https://liquipedia.net/counterstrike/Team_Spirit,https://www.hltv.org/team/7020/spirit,https://teamspirit.gg/,https://www.faceit.com/en/teams/06272e30-9aeb-4388-9237-732c22fac86e,,https://facebook.com/teamspiritpage,https://www.instagram.com/team__spirit,,,https://twitter.com/Team__Spirit,https://weibo.com/7912736021,,https://www.youtube.com/channel/UCCo2nH5KDA1OE4m2VZAEbLg,,https://space.bilibili.com/3546657450887496
🇷🇺 Team Spirit Academy,Team Spirit Academy,Spirit AC,Spirit Academy,[🇷🇺](#spirit,TRUE,🇷🇺 Kiryasoo ⊕,🇷🇺 VILBy ♛,🇷🇺 s1nside,🇷🇺 k0gaSs,🇷🇺 Netrix,🇷🇺 Flash_1,🇰🇿 syph0 (loan: Nemiga),,,,,,,https://liquipedia.net/counterstrike/Team_Spirit_Academy,https://www.hltv.org/team/7900/spirit-academy,https://teamspirit.gg/,https://www.faceit.com/en/teams/727042a7-2242-4a54-84d5-c5239d0d4247,,https://facebook.com/teamspiritpage,https://www.instagram.com/team__spirit,,,https://twitter.com/TSpirit_Academy,,,https://www.youtube.com/channel/UCCo2nH5KDA1OE4m2VZAEbLg,,
,TTT,,,,,,,,,,,,,,,,,,,,,,,,,,,,,,,,
🇨🇳 TYLOO,TYLOO,TYLOO,TYLOO,[🇨🇳](#tyloo,FALSE,🇨🇳 JamYoung,🇨🇳 Moseyuh,🇨🇳 Mercury ♛,🇨🇳 Jee ⊕,🇨🇳 Zero,🇨🇳 zhokiNg,🇨🇳 DANK1NG,,,,,,,https://liquipedia.net/counterstrike/TYLOO,https://www.hltv.org/team/4863/tyloo,,https://www.faceit.com/en/teams/e66a473a-797d-41fd-9310-f0f70a3387f4,,https://facebook.com/tyloogamingg,,,https://live.douyin.com/tyloogg,https://twitter.com/tyloogaming,https://weibo.com/tyloogaming,,,,https://space.bilibili.com/373076765
,UUU,,,,,,,,,,,,,,,,,,,,,,,,,,,,,,,,
,VVV,,,,,,,,,,,,,,,,,,,,,,,,,,,,,,,,
🇷🇺 Virtus.pro,Virtus.pro,VP,Virtus.pro,[🇷🇺](#vp,FALSE,🇷🇺 tO0RO,🇷🇺 b1st ⊕,🇷🇺 mir ♛,🇷🇺 AquaRS,🇰🇿 F0R3VER,🇷🇺 ProbLeM,🇰🇿 ICY,,,,,,,https://liquipedia.net/counterstrike/Virtus.pro,https://www.hltv.org/team/5378/virtuspro,https://virtus.pro/,https://www.faceit.com/en/teams/19f73359-2ece-4311-8947-762c41ae840c,,https://facebook.com/www.virtus.pro,https://www.instagram.com/virtuspro,https://steamcommunity.com/groups/virtusprofessional,,https://twitter.com/virtuspro,https://weibo.com/virtusproofficial,,https://www.youtube.com/virtuspro,,
🇪🇺 Team Vitality,Team Vitality,Vitality,Vitality,[🇪🇺](#vitality,FALSE,🇫🇷 apEX ♛,🇫🇷 ZywOo ⊕,🇮🇱 flameZ,🇬🇧 mezii,🇪🇪 ropz,🇫🇷 XTQZZZ,,,,,,,,https://liquipedia.net/counterstrike/Team_Vitality,https://www.hltv.org/team/9565/vitality,https://vitality.gg/,https://www.faceit.com/en/teams/00ed7396-eeb5-4ac6-a779-531fb6bfdfdb,,,https://www.instagram.com/teamvitality,,https://tiktok.com/@teamvitality,https://twitter.com/TeamVitalityCS,https://weibo.com/teamvitality,https://www.twitch.tv/vitality,https://www.youtube.com/channel/UCJGMbg3US0xwGXzLFwYOE-g,,https://space.bilibili.com/3546778047613811
,WWW,,,,,,,,,,,,,,,,,,,,,,,,,,,,,,,,
,XXX,,,,,,,,,,,,,,,,,,,,,,,,,,,,,,,,
,YYY,,,,,,,,,,,,,,,,,,,,,,,,,,,,,,,,
,ZZZ,,,,,,,,,,,,,,,,,,,,,,,,,,,,,,,,